filename,speech_valence,speech_arousal,text_valence,text_arousal,fused_valence,fused_arousal,speech_valence_norm,speech_arousal_norm,text_valence_norm,text_arousal_norm,emotion_label
001.wav,-0.004,-0.0017,1.9144,4.446,0.826725762931539,0.9885057471264368,0.6563733404380032,0.9770114942528736,0.9970781854250748,1.0,"Excited (Positive, High arousal)"
002.wav,-0.0204,-0.0088,0.0883,3.2641,-0.4324957125413367,0.5399554322233435,-0.1777592269194036,0.875,-0.6872321981632697,0.204910864446687,Negative (Low/Med arousal)
003.wav,-0.0208,-0.0089,0.7631,3.5935,0.1937974762087873,0.6500342159898862,-0.2004783069857193,0.8735632183908046,0.5880732594032939,0.4265052135889676,Neutral
004.wav,-0.0215,-0.0092,1.1602,3.8985,0.3384719607951639,0.7504690200308525,-0.2397096915181842,0.8692528735632185,0.916653613108512,0.6316851664984865,Neutral
005.wav,-0.0167,-0.0072,0.1287,3.3354,-0.2989886753907058,0.5754321943468226,0.0382711669715048,0.8979885057471265,-0.6362485177529165,0.2528758829465187,Neutral
006.wav,-0.0044,-0.0019,-0.7285,3.4791,-0.1739387172947652,0.6618419221267268,0.6427537734911499,0.9741379310344828,-0.9906312080806804,0.3495459132189707,Neutral
007.wav,-0.0084,-0.0036,0.5823,3.5946,0.3725808744649334,0.6884789252699584,0.4832547378489257,0.9497126436781608,0.261907011080941,0.4272452068617558,Positive (Low/Mid arousal)
008.wav,-0.0195,-0.0083,-0.0896,3.2401,-0.4861055391053567,0.5354747323613673,-0.1259782377945395,0.882183908045977,-0.8462328404161739,0.1887655566767576,Negative (Low/Med arousal)
009.wav,-0.0321,-0.0137,0.413,3.4478,-0.4064404632238518,0.56654372107589,-0.7008074272411579,0.8045977011494253,-0.1120734992065457,0.3284897410023547,Negative (Low/Med arousal)
010.wav,-0.011,-0.0047,0.1459,3.3837,-0.1275597475166426,0.6096381804052566,0.357540070899556,0.9339080459770116,-0.6126595659328412,0.2853683148335018,Neutral
011.wav,-0.0074,-0.0032,1.2179,3.9915,0.7310956169733145,0.8248540021109527,0.5271062134527912,0.9554597701149428,0.935085020493838,0.6942482341069627,"Excited (Positive, High arousal)"
012.wav,-0.0092,-0.0039,0.3376,2.9595,0.0857380670663889,0.4727011494252873,0.4463205244038976,0.9454022988505748,-0.2748443902711198,0.0,Neutral
013.wav,-0.0022,-0.0009,0.7934,3.6451,0.6717326409070781,0.7248616862103762,0.7126009734113887,0.9885057471264368,0.6308643084027673,0.4612176252943155,Positive (Low/Mid arousal)
014.wav,-0.0183,-0.0078,-0.1779,3.1519,-0.4749304117555699,0.5093996833571106,-0.0559037685643303,0.889367816091954,-0.8939570549468094,0.1294315506222671,Negative (Low/Med arousal)
015.wav,-0.0055,-0.0023,0.3515,3.4168,0.1787114481505363,0.6380130948652818,0.6031309654086271,0.9683908045977012,-0.2457080691075543,0.3076353851328625,Neutral
016.wav,-0.0142,-0.0061,0.1958,3.2844,-0.1771369108909583,0.5661801036918476,0.1834578049092207,0.913793103448276,-0.5377316266911374,0.218567103935419,Neutral
017.wav,-0.0017,-0.0007,1.5926,4.2237,0.8572164888873137,0.9209166985629283,0.7267960603449841,0.9913793103448276,0.9876369174296432,0.8504540867810294,"Excited (Positive, High arousal)"
018.wav,-0.0108,-0.0046,0.1014,3.1467,-0.1517993022507511,0.530639114095828,0.3677719086770844,0.9353448275862069,-0.6713705131785866,0.1259334006054492,Neutral
019.wav,-0.031,-0.0133,-0.0824,3.1297,-0.7539443272675018,0.4624209842606448,-0.6663155638828023,0.810344827586207,-0.8415730906522013,0.1144971409350826,Negative (Low/Med arousal)
020.wav,-0.0657,-0.0281,0.4908,3.4973,-0.4654930894612851,0.4797452938515607,-0.9933061069537464,0.5977011494252874,0.0623199280311761,0.361789438277834,Negative (Low/Med arousal)
021.wav,-0.0665,-0.0285,0.2262,3.352,-0.7406359030573398,0.4279985385712794,-0.9939063653095912,0.5919540229885057,-0.4873654408050886,0.2640430541540532,Negative (Low/Med arousal)
022.wav,-0.0089,-0.0038,1.2587,3.9405,0.7030160398503522,0.8033892677778166,0.4603602247610737,0.9468390804597702,0.9456718549396308,0.659939455095863,"Excited (Positive, High arousal)"
023.wav,-0.0176,-0.0075,0.2469,3.2922,-0.2329014158923829,0.5587462449400931,-0.0147258079115131,0.8936781609195402,-0.4510770238732527,0.2238143289606458,Neutral
024.wav,-0.017,-0.0073,0.7437,3.6435,0.2897089473184375,0.678346497790459,0.0206147005424623,0.896551724137931,0.5588031940944127,0.460141271442987,Neutral
025.wav,-0.0068,-0.0029,-0.661,3.2329,-0.2175878836332744,0.5718460396441537,0.5521534917962818,0.9597701149425288,-0.9873292590628306,0.1839219643457787,Neutral
026.wav,-0.0166,-0.0071,-0.4798,3.0909,-0.4637257225311271,0.4939104236983427,0.0441518940797332,0.899425287356322,-0.9716033391419876,0.0883955600403633,Negative (Low/Med arousal)
027.wav,-0.0346,-0.0148,0.4616,3.4851,-0.3857780237591103,0.5711876718048646,-0.7682954769718638,0.7887931034482759,-0.0032605705463567,0.3535822401614533,Negative (Low/Med arousal)
028.wav,-0.0157,-0.0067,0.4704,3.5146,0.0567093495063405,0.6392999640442142,0.0968924255617393,0.9051724137931036,0.0165262734509418,0.3734275142953248,Neutral
029.wav,-0.0071,-0.0031,-0.6092,3.2224,-0.2221412622851146,0.5668774719602863,0.5397492979606188,0.956896551724138,-0.984031822530848,0.1768583921964346,Neutral
030.wav,-0.0011,-0.0005,-0.6599,3.2711,-0.1221102908816358,0.6019363930547341,0.7430462387643522,0.9942528735632185,-0.987266820527624,0.2096199125462498,Neutral
031.wav,-0.0134,-0.0057,0.4665,3.5386,0.1181660076498516,0.6545565259751559,0.2285742342111678,0.9195402298850576,0.0077577810885354,0.3895728220652542,Neutral
032.wav,-0.0137,-0.0059,1.5824,4.2039,0.599409726404468,0.8769004372687521,0.2117591218006023,0.9166666666666666,0.9870603310083338,0.8371342078708377,"Excited (Positive, High arousal)"
033.wav,-0.0008,-0.0004,0.1163,3.283,0.0491534422494513,0.6066574747439601,0.7508579342630568,0.995689655172414,-0.6525510497641541,0.2176252943155063,Neutral
034.wav,-0.0079,-0.0034,-0.033,3.4442,-0.1502379268351337,0.6393270758667084,0.5055068351131868,0.9525862068965516,-0.8059826887834542,0.3260679448368652,Neutral
035.wav,-0.0121,-0.0052,1.165,3.9306,0.6090642872670267,0.7900018267859008,0.2997676754357047,0.9267241379310346,0.9183608990983484,0.6532795156407671,"Excited (Positive, High arousal)"
036.wav,-0.0167,-0.0072,1.1466,3.8792,0.4749500655981915,0.7583450769569808,0.0382711669715048,0.8979885057471265,0.9116289642248784,0.618701648166835,"Excited (Positive, High arousal)"
037.wav,-0.0138,-0.0059,1.395,4.0726,0.5881617202048546,0.8327362933064246,0.2061255630881239,0.9166666666666666,0.9701978773215852,0.7488059199461827,"Excited (Positive, High arousal)"
038.wav,-0.0169,-0.0072,0.4614,3.4932,0.0113959312893355,0.6285098936404654,0.0265021631161718,0.8979885057471265,-0.0037103005375006,0.3590312815338043,Neutral
039.wav,-0.0141,-0.0061,0.926,3.7358,0.4837183246551033,0.7180132688448915,0.1891440793871267,0.913793103448276,0.7782925699230799,0.5222334342415069,Positive (Low/Mid arousal)
040.wav,-0.08,-0.0343,0.4645,3.3827,-0.4977471924859084,0.3966581416657968,-0.9987549555181736,0.5086206896551725,0.0032605705463567,0.2846955936764211,Negative (Low/Med arousal)
041.wav,-0.0446,-0.0191,0.6397,3.5808,-0.2724382649557023,0.5724865745734601,-0.9224518931099924,0.7270114942528736,0.3775753631985879,0.4179616548940466,Neutral
042.wav,-0.0666,-0.0286,0.2829,3.3591,-0.6891405486718594,0.4296683078743173,-0.993977521286014,0.5905172413793104,-0.3843035760577045,0.2688193743693242,Negative (Low/Med arousal)
043.wav,-0.0055,-0.0024,-0.3377,3.3156,-0.1718700401786761,0.6032550135124164,0.6031309654086271,0.9669540229885056,-0.9468710457659794,0.239556004036327,Neutral
044.wav,-0.0167,-0.0071,0.8298,3.6681,0.3579461757464355,0.6880577496317433,0.0382711669715048,0.899425287356322,0.6776211845213663,0.4766902119071646,Positive (Low/Mid arousal)
045.wav,-0.0235,-0.0101,0.73,3.674,0.095015121230559,0.6684905529071994,-0.3472216721816101,0.8563218390804598,0.5372519146427281,0.4806592667339389,Neutral
046.wav,-0.0053,-0.0023,0.8287,3.727,0.6434273445928111,0.7423521463284504,0.6105735141601447,0.9683908045977012,0.6762811750254776,0.5163134880591995,Positive (Low/Mid arousal)
047.wav,-0.0276,-0.0118,0.625,3.5869,-0.0954323126147685,0.6269809028381874,-0.539749297960619,0.831896551724138,0.3488846727310818,0.4220652539522369,Neutral
048.wav,-0.0372,-0.0159,0.5677,3.4719,-0.2964888574403668,0.5588454133175593,-0.8240520268447485,0.7729885057471265,0.2310743119640148,0.3447023208879922,Neutral
049.wav,-0.0223,-0.0096,1.0662,3.9052,0.29596511017116,0.7498490726886808,-0.2835994993238327,0.8635057471264368,0.8755297196661528,0.636192398250925,Neutral
050.wav,-0.0162,-0.0069,0.0267,3.2941,-0.3429746010220817,0.5636956748669055,0.0676401736758581,0.9022988505747126,-0.7535893757200216,0.2250924991590985,Neutral
051.wav,-0.0267,-0.0114,0.364,3.4341,-0.3601141479681804,0.5784585696556364,-0.50110834438198,0.8376436781609196,-0.2191199515543808,0.3192734611503532,Negative (Low/Med arousal)
052.wav,-0.0333,-0.0143,1.1952,3.9477,0.0966655058975436,0.7303800294605474,-0.7350266800084757,0.7959770114942529,0.9283576918035632,0.6647830474268419,Neutral
053.wav,-0.0032,-0.0014,0.2228,3.3394,0.0945997877301724,0.6184443033276501,0.6823727667666079,0.9813218390804598,-0.4931731913062629,0.2555667675748403,Neutral
054.wav,-0.0185,-0.0079,1.3334,4.0487,0.4466152680381318,0.8103294593873599,-0.0676401736758583,0.8879310344827586,0.960870709752122,0.7327278842919612,"Excited (Positive, High arousal)"
055.wav,-0.0192,-0.0082,0.1617,3.3014,-0.349265882473764,0.556812026630479,-0.1085494708650882,0.8836206896551725,-0.5899822940824397,0.2300033636057856,Neutral
056.wav,-0.0305,-0.0131,0.4876,3.4687,-0.2972333287252601,0.5778840019949663,-0.649615672861614,0.8132183908045977,0.0551490154110938,0.3425496131853349,Neutral
057.wav,-0.0723,-0.031,0.3792,3.4257,-0.591633470091553,0.4348285430947494,-0.9969184664977746,0.5560344827586207,-0.1863484736853314,0.313622603430878,Negative (Low/Med arousal)
058.wav,-0.0416,-0.0178,0.2393,3.3454,-0.6779721925395923,0.5026463748448684,-0.8913601539510664,0.7456896551724139,-0.4645842311281182,0.2596030945173228,Negative (Low/Med arousal)
059.wav,-0.0342,-0.0147,1.3534,4.0562,0.1028556430226253,0.7640015890137675,-0.7584650534579989,0.7902298850574713,0.9641763395032495,0.7377732929700638,Neutral
060.wav,-0.0391,-0.0167,0.3613,3.4072,-0.5408532524912408,0.531335757449227,-0.8568143856051652,0.7614942528735632,-0.2248921193773163,0.3011772620248908,Negative (Low/Med arousal)
061.wav,-0.0668,-0.0286,1.1869,3.8964,-0.0341916461370536,0.6103948467239639,-0.994117357580794,0.5905172413793104,0.9257340653066868,0.6302724520686176,Neutral
062.wav,-0.0491,-0.021,0.4768,3.4942,-0.4613565048870079,0.5297083231845229,-0.9536224735737407,0.6997126436781609,0.0309094637997248,0.3597040026908849,Negative (Low/Med arousal)
063.wav,-0.0146,-0.0062,1.616,4.2312,0.5747291216524953,0.8839279086491065,0.1605932553832003,0.9123563218390806,0.9888649879217905,0.8554994954591325,"Excited (Positive, High arousal)"
064.wav,-0.0078,-0.0033,1.5302,4.1389,0.7467717849561981,0.8737151605831797,0.5098792081466473,0.9540229885057472,0.983664361765749,0.793407332660612,"Excited (Positive, High arousal)"
065.wav,-0.0071,-0.0031,0.2277,3.4365,0.0274799611303492,0.6388922718257422,0.5397492979606188,0.956896551724138,-0.4847893756999203,0.3208879919273463,Neutral
066.wav,-0.0121,-0.0052,0.3668,3.4395,0.0433249571794199,0.624815146664811,0.2997676754357047,0.9267241379310346,-0.2131177610768648,0.3229061553985873,Neutral
067.wav,-0.0223,-0.0095,0.7336,3.5847,0.1296929927704493,0.6427638980711462,-0.2835994993238327,0.8649425287356322,0.5429854848647314,0.4205852674066602,Neutral
068.wav,-0.0599,-0.0257,1.3384,4.0395,-0.0125311363691217,0.6793613788463995,-0.98678640335491,0.632183908045977,0.9617241306166664,0.7265388496468218,Neutral
069.wav,-0.0035,-0.0015,1.7843,4.353,0.8337879659490017,0.958660994931394,0.6728150316365911,0.9798850574712644,0.9947609002614124,0.9374369323915236,"Excited (Positive, High arousal)"
070.wav,-0.0134,-0.0057,1.6113,4.2371,0.6086013511972985,0.8895043900854821,0.2285742342111678,0.9195402298850576,0.9886284681834292,0.8594685502859066,"Excited (Positive, High arousal)"
071.wav,-0.0028,-0.0012,0.2557,3.307,0.1297937068221288,0.6089830021921431,0.6947625585867119,0.9841954022988504,-0.4351751449424541,0.2337706020854356,Neutral
072.wav,-0.0973,-0.0417,0.2261,3.3324,-0.7436873034141931,0.3265782850249951,-0.9998377288075744,0.4022988505747126,-0.4875368780208116,0.2508577194752775,Negative (Low/Med arousal)
073.wav,-0.0226,-0.0097,1.2958,3.9721,0.3270301580262502,0.7716332045884224,-0.2997676754357049,0.8620689655172414,0.9538279914882052,0.6811974436596034,Neutral
074.wav,-0.0072,-0.0031,1.1193,3.8291,0.718109808928568,0.7709474349606227,0.535561429775221,0.956896551724138,0.900658188081915,0.5849983181971075,"Excited (Positive, High arousal)"
075.wav,-0.0257,-0.011,0.3726,3.4803,-0.3281695771353717,0.5968719916025843,-0.4557053416762243,0.8433908045977012,-0.200633812594519,0.3503531786074674,Neutral
076.wav,-0.0202,-0.0087,1.3283,4.0221,0.3968272119141758,0.7956351415614091,-0.166326590681052,0.8764367816091955,0.9599810145094038,0.7148335015136228,"Excited (Positive, High arousal)"
077.wav,-0.0212,-0.0091,0.3624,3.4276,-0.2227630834061238,0.5927952144008724,-0.2229837916373561,0.8706896551724139,-0.2225423751748916,0.3149007736293308,Neutral
078.wav,-0.1214,-0.052,0.3268,3.3967,-0.6485664351436085,0.2742120173515665,-0.9999905122229468,0.2543103448275862,-0.2971423580642703,0.2941136898755467,Negative (Low/Med arousal)
079.wav,-0.033,-0.0141,0.3033,3.374,-0.5356641643787012,0.5388467471612328,-0.7267960603449843,0.7988505747126436,-0.3445322684124182,0.2788429196098219,Negative (Low/Med arousal)
080.wav,-0.1088,-0.0466,0.6263,3.6505,-0.3242543139195446,0.3983734356333439,-0.9999581347176048,0.3318965517241379,0.3514495068785154,0.4648503195425498,Neutral
081.wav,-0.0528,-0.0226,0.8062,3.6672,-0.1609414059521633,0.5764044503984134,-0.9697611793475448,0.6767241379310346,0.647878367443218,0.4760847628657921,Neutral
082.wav,-0.0181,-0.0078,0.7533,3.6513,0.2646592598375269,0.677378156280084,-0.0441518940797336,0.889367816091954,0.5734704137547876,0.465388496468214,Neutral
083.wav,-0.0467,-0.02,0.499,3.5442,-0.4291328112660345,0.5537102601575096,-0.9389299320016028,0.7140804597701149,0.0806643094695336,0.3933400605449043,Negative (Low/Med arousal)
084.wav,-0.0333,-0.0143,1.9125,4.4445,0.1310132342785577,0.8974839648793161,-0.7350266800084757,0.7959770114942529,0.9970531485655912,0.9989909182643794,Neutral
085.wav,-0.0073,-0.0031,0.2148,3.3268,0.0123404949058983,0.6019935163598826,0.5313470540102928,0.956896551724138,-0.506666064198496,0.2470904809956274,Neutral
086.wav,-0.0135,-0.0058,0.3689,3.4225,0.0071891404937867,0.6147866720020414,0.2229837916373559,0.918103448275862,-0.2086055106497824,0.3114698957282207,Neutral
087.wav,-0.0471,-0.0202,1.733,4.3043,0.0258733430833935,0.8079411542967164,-0.9416591536965516,0.7112068965517242,0.9934058398633386,0.9046754120417086,Neutral
088.wav,-0.0253,-0.0108,0.8248,3.7368,0.1173287562769657,0.6845852616073398,-0.436836493196387,0.8462643678160919,0.6714940057503186,0.5229061553985875,Neutral
089.wav,-0.0428,-0.0183,1.0927,4.0007,-0.0081332906401852,0.7194715079392697,-0.9050027906399198,0.7385057471264368,0.8887362093595493,0.7004372687521025,Neutral
090.wav,-0.0304,-0.013,0.2345,3.2403,-0.55960171160921,0.5017776366609834,-0.6461977832404413,0.8146551724137931,-0.4730056399779788,0.1889001009081737,Negative (Low/Med arousal)
091.wav,-0.0021,-0.0009,1.2187,3.9851,0.8253994311954107,0.8392242829140426,0.7154882457426799,0.9885057471264368,0.9353106166481416,0.6899428187016484,"Excited (Positive, High arousal)"
092.wav,-0.0116,-0.005,0.348,3.3279,0.0366217987447643,0.5887140877089206,0.3263324581205169,0.9295977011494252,-0.2530888606309883,0.2478304742684159,Neutral
093.wav,-0.0086,-0.0037,0.5234,3.5011,0.3045270132710098,0.6563108203718526,0.474173349274374,0.9482758620689656,0.1348806772676456,0.3643457786747395,Neutral
094.wav,-0.0008,-0.0003,0.5232,3.5077,0.4426485156288621,0.6829560875465396,0.7508579342630568,0.9971264367816092,0.1344390969946675,0.3687857383114699,Positive (Low/Mid arousal)
095.wav,-0.009,-0.0038,0.2352,3.3455,-0.0080387445915075,0.6032547235464004,0.455705341676224,0.9468390804597702,-0.4717828308592392,0.2596703666330307,Neutral
096.wav,-0.0843,-0.0361,0.1973,3.3091,-0.7672896080742291,0.3589709686024798,-0.9992496276253076,0.4827586206896552,-0.5353295885231506,0.2351833165153045,Negative (Low/Med arousal)
097.wav,-0.0137,-0.0059,0.0019,3.2833,-0.2824662983735561,0.5672468886646486,0.2117591218006023,0.9166666666666666,-0.7766917185477145,0.2178271106626305,Neutral
098.wav,-0.0057,-0.0024,1.1212,3.8883,0.7485218470361243,0.7958887168423862,0.595581894339613,0.9669540229885056,0.9014617997326356,0.6248234106962666,"Excited (Positive, High arousal)"
099.wav,-0.004,-0.0017,0.2572,3.3609,0.1119682237057002,0.6235208833524712,0.6563733404380032,0.9770114942528736,-0.4324368930266027,0.2700302724520688,Neutral
100.wav,-0.0028,-0.0012,0.447,3.4818,0.3293434750847466,0.6677788313209692,0.6947625585867119,0.9841954022988504,-0.0360756084172187,0.3513622603430878,Neutral
101.wav,-0.0174,-0.0074,0.4293,3.4626,-0.0393464263909601,0.61678047832794,-0.0029453659782926,0.8951149425287356,-0.0757474868036276,0.3384460141271445,Neutral
102.wav,-0.0002,-0.0001,1.4195,4.0402,0.8695682922005712,0.8635048772283888,0.7658709622486116,1.0,0.9732656221525308,0.7270097544567775,"Excited (Positive, High arousal)"
103.wav,-0.03,-0.0129,0.0942,3.3693,-0.656215693041347,0.5458865420972663,-0.6322644492833654,0.8160919540229885,-0.6801669367993284,0.275681130171544,Negative (Low/Med arousal)
104.wav,-0.0174,-0.0075,1.4417,4.1344,0.4864148798722906,0.8420291241866456,-0.0029453659782926,0.8936781609195402,0.975775125722874,0.7903800874537508,"Excited (Positive, High arousal)"
105.wav,-0.0051,-0.0022,0.4964,3.4917,0.3463814365446053,0.6639248930025402,0.6179097570267882,0.9698275862068968,0.0748531160624225,0.3580221997981836,Positive (Low/Mid arousal)
106.wav,-0.0191,-0.0082,0.1696,3.3318,-0.3405021336029948,0.5670373882181009,-0.1027244751521323,0.8836206896551725,-0.5782797920538573,0.2504540867810293,Neutral
107.wav,-0.0258,-0.0111,0.2951,3.3669,-0.4105192351933387,0.5580103111915283,-0.4603602247610739,0.8419540229885057,-0.3606782456256037,0.2740665993945509,Negative (Low/Med arousal)
108.wav,-0.0807,-0.0346,0.6349,3.5369,-0.315285239439828,0.4463697704629018,-0.9988534584622412,0.5043103448275862,0.3682829795825851,0.3884291960982175,Neutral
109.wav,-0.0203,-0.0087,0.5493,3.486,0.0097519519654412,0.6153122354060105,-0.1720487021971573,0.8764367816091955,0.1915526061280398,0.3541876892028257,Neutral
110.wav,-0.0203,-0.0087,0.2675,3.3682,-0.2927341809566652,0.5756889592539756,-0.1720487021971573,0.8764367816091955,-0.4134196597161731,0.2749411368987555,Neutral
111.wav,-0.0176,-0.0075,0.7648,3.4194,0.2879212794442702,0.6015313105304059,-0.0147258079115131,0.8936781609195402,0.5905683668000536,0.3093844601412716,Neutral
112.wav,-0.0483,-0.0207,0.2786,3.3073,-0.6708346385370956,0.4689977034691536,-0.9491552076440348,0.7040229885057472,-0.3925140694301563,0.2339724184325599,Negative (Low/Med arousal)
113.wav,-0.0404,-0.0173,0.1326,3.2201,-0.7534427973424125,0.4640923483767704,-0.8758859328124564,0.7528735632183909,-0.6309996618723684,0.1753111335351498,Negative (Low/Med arousal)
114.wav,-0.0153,-0.0065,0.607,3.5482,0.2165113810089994,0.6520384610923601,0.1201767398100685,0.9080459770114944,0.3128460222079303,0.3960309451732258,Neutral
115.wav,-0.0093,-0.004,0.1228,3.1808,-0.1012437968481107,0.5464193546516349,0.4415908440665353,0.9439655172413792,-0.6440784377627568,0.1488731920618905,Neutral
116.wav,-0.0412,-0.0177,1.4574,4.0791,0.0454961996761723,0.7501525221244072,-0.8864155616655381,0.7471264367816092,0.9774079610178829,0.7531786074672053,Neutral
117.wav,-0.0346,-0.0148,0.8203,3.6757,-0.0511978092746406,0.6352979980746257,-0.7682954769718638,0.7887931034482759,0.6658998584225825,0.4818028927009756,Neutral
118.wav,-0.0105,-0.0045,0.0365,3.4129,-0.180477134567043,0.6208966909078257,0.3829536232953507,0.9367816091954024,-0.7439078924294368,0.3050117726202491,Neutral
119.wav,-0.0014,-0.0006,-0.2622,3.256,-0.0955781562197372,0.5961389575141793,0.7350266800084755,0.992816091954023,-0.92618299244795,0.1994618230743357,Neutral
120.wav,-0.0129,-0.0055,0.4428,3.4516,0.1053951130738985,0.6267299372513542,0.2562944949902118,0.9224137931034484,-0.0455042688424147,0.3310460813992602,Neutral
121.wav,-0.0173,-0.0074,0.6259,3.5823,0.1768031262890411,0.6570428395792014,0.0029453659782924,0.8951149425287356,0.3506608865997898,0.4189707366296671,Neutral
122.wav,-0.0017,-0.0007,1.1231,3.9739,0.8145276526606471,0.8368938260435878,0.7267960603449841,0.9913793103448276,0.90225924497631,0.682408341742348,"Excited (Positive, High arousal)"
123.wav,-0.0065,-0.0028,0.6885,3.6323,0.5159472656026922,0.7069068455177054,0.5643179745288708,0.9612068965517242,0.4675765566765136,0.4526067944836865,Positive (Low/Mid arousal)
124.wav,-0.0733,-0.0314,1.1343,3.9403,-0.0452117915961903,0.605046133593143,-0.9972604774913192,0.5502873563218391,0.9068368942989384,0.6598049108644469,Neutral
125.wav,-0.013,-0.0056,-0.4218,3.0252,-0.3562566036133795,0.4825873957572174,0.2507824326820128,0.920977011494253,-0.963295639908772,0.0441977800201816,Negative (Low/Med arousal)
126.wav,-0.0529,-0.0227,0.7194,3.6457,-0.2250153853121236,0.5684543071552015,-0.9701100545055028,0.6752873563218391,0.5200792838812555,0.461621257988564,Neutral
127.wav,-0.0277,-0.0119,0.1729,3.3118,-0.5586150492032109,0.5337297168771821,-0.5439106199721359,0.8304597701149425,-0.5733194784342859,0.2369996636394215,Negative (Low/Med arousal)
128.wav,-0.0023,-0.001,-0.251,3.6115,-0.1064139724648879,0.712841579966828,0.7096893590650153,0.9870689655172414,-0.9225173039947911,0.4386141944164145,Neutral
129.wav,-0.0823,-0.0353,1.004,3.8752,-0.0802273941208059,0.5551318185508659,-0.9990503439576534,0.4942528735632184,0.8385955557160414,0.6160107635385135,Neutral
130.wav,-0.0053,-0.0023,-0.4951,3.4847,-0.1814465125150141,0.6608519781481612,0.6105735141601447,0.9683908045977012,-0.9734665391901728,0.3533131516986211,Neutral
131.wav,-0.0576,-0.0247,0.367,3.391,-0.5976988744161004,0.4684154517090598,-0.9827093377244076,0.646551724137931,-0.2126884111077929,0.2902791792801885,Negative (Low/Med arousal)
132.wav,-0.0437,-0.0187,-0.2419,3.3779,-0.9167803399101186,0.5071125764060452,-0.914149783641926,0.7327586206896551,-0.9194108961783112,0.2814665321224353,Negative (Low/Med arousal)
133.wav,-0.0054,-0.0023,0.8417,3.72,0.6493489241650757,0.739997622278669,0.6068655427866793,0.9683908045977012,0.6918323055434722,0.511604439959637,Positive (Low/Mid arousal)
134.wav,-0.0403,-0.0173,0.3411,3.4549,-0.5710301250793701,0.5430698122180082,-0.8745073289231606,0.7528735632183909,-0.2675529212355796,0.3332660612176253,Negative (Low/Med arousal)
135.wav,-0.046,-0.0197,0.3264,3.4439,-0.6159078853278671,0.5221284665437212,-0.9338535785147898,0.7183908045977012,-0.2979621921409444,0.3258661284897413,Negative (Low/Med arousal)
136.wav,-0.0061,-0.0026,0.4833,3.5637,0.3128339293806595,0.6852692914390434,0.5801635899189043,0.9640804597701148,0.0455042688424147,0.4064581231079718,Neutral
137.wav,-0.0056,-0.0024,0.5979,3.5702,0.4468196248978956,0.68889241680875,0.5993697566114435,0.9669540229885056,0.2942694931843476,0.4108308106289943,Positive (Low/Mid arousal)
138.wav,-0.013,-0.0056,0.3112,3.3107,-0.0389996185848052,0.5786183409304432,0.2507824326820128,0.920977011494253,-0.3287816698516232,0.2362596703666333,Neutral
139.wav,-0.039,-0.0167,0.7949,3.6718,-0.1111748558246932,0.6203367665309627,-0.8552402907341161,0.7614942528735632,0.6328905790847297,0.4791792801883622,Neutral
140.wav,-0.1181,-0.0506,0.808,3.7137,-0.1748825731298058,0.390895792013176,-0.9999860037207928,0.2744252873563218,0.6502208574611813,0.5073662966700303,Neutral
141.wav,-0.0008,-0.0003,0.5871,3.5655,0.5113947374634915,0.7023977289861629,0.7508579342630568,0.9971264367816092,0.2719315406639262,0.4076690211907167,Positive (Low/Mid arousal)
142.wav,-0.0006,-0.0003,0.1472,3.2409,0.0725607993238094,0.5932150851920156,0.7559518715019539,0.9971264367816092,-0.6108302728543349,0.1893037336024218,Neutral
143.wav,-0.0137,-0.0059,0.99,3.848,0.520381118921629,0.7571897073662968,0.2117591218006023,0.9166666666666666,0.8290031160426555,0.5977127480659268,"Excited (Positive, High arousal)"
144.wav,-0.0128,-0.0055,0.218,3.3298,-0.1197540543935576,0.5857612187851585,0.2617899387263467,0.9224137931034484,-0.501298047513462,0.2491086444668687,Neutral
145.wav,-0.0428,-0.0184,0.2912,3.2466,-0.6366428851112524,0.4651036048575108,-0.9050027906399198,0.7370689655172414,-0.3682829795825851,0.1931382441977801,Negative (Low/Med arousal)
146.wav,-0.0241,-0.0103,0.4211,3.4574,-0.2359843330515289,0.5941980699861976,-0.3779154659085953,0.853448275862069,-0.0940532001944624,0.3349478641103263,Neutral
147.wav,-0.0026,-0.0011,0.3472,3.5206,0.2230178110888869,0.6815480125729265,0.7008074272411579,0.985632183908046,-0.254771805063384,0.3774638412378071,Neutral
148.wav,-0.129,-0.0553,1.4484,4.1403,-0.0117551952184256,0.5006228470023313,-0.999996124737882,0.2068965517241379,0.9764857343010308,0.7943491422805248,Neutral
149.wav,-0.0089,-0.0038,0.1632,3.4002,-0.0637093767276308,0.6216536471925491,0.4603602247610737,0.9468390804597702,-0.5877789782163354,0.296468213925328,Neutral
150.wav,-0.0219,-0.0094,0.4435,3.4467,-0.152861640782989,0.5970645290371969,-0.2617899387263471,0.8663793103448276,-0.043933342839631,0.3277497477295661,Neutral
151.wav,-0.1627,-0.0697,0.0658,3.2763,-0.8565067037124506,0.1065590312815338,-0.9999999268870384,0.0,-0.7130134805378628,0.2131180625630677,Negative (Low/Med arousal)
152.wav,-0.0096,-0.0041,0.7511,3.7712,0.4986975933651198,0.7442882494171683,0.4272543407315881,0.942528735632184,0.5701408459986516,0.5460477632021528,Positive (Low/Mid arousal)
153.wav,-0.0139,-0.0059,0.4363,3.4778,0.0701993165399564,0.6326690211907164,0.2004783069857191,0.9166666666666666,-0.0600796739058062,0.3486713757147662,Neutral
154.wav,-0.0333,-0.0143,1.1357,3.9348,0.0861839395017705,0.7260409779973789,-0.7350266800084757,0.7959770114942529,0.9073945590120168,0.6561049445005047,Neutral
155.wav,-0.0031,-0.0013,1.2439,4.0029,0.8137744890944376,0.8423379379936674,0.6855079523031907,0.9827586206896552,0.9420410258856846,0.7019172552976796,"Excited (Positive, High arousal)"
156.wav,-0.0407,-0.0174,0.3642,3.4205,-0.54931454387183,0.5307806175116278,-0.8799373204209598,0.7514367816091955,-0.2186917673227001,0.3101244534140601,Negative (Low/Med arousal)
